name,protocol,dport,sport
RTCP,UDP,64001,24384
Pathport,UDP,1080,42372
DNS,UDP/TCP,53,54336
THRIFT,TCP,9090,43801
TLSv1,TCP,443,29104
TLSv1.2,TCP,443,21441
TLSv1.3,TCP,443,31016
HTTP,TCP,80,20109
HTTP/JSON,TCP,80,43537
GQUIC,UDP,443,32384
RakNet,UDP,60000,38641
SSL,TCP,443,9485
SSLv2,TCP,443,19825
DLTSv1.2,TCP,443,55365
TFTP,UDP,69,49846
TURN CHANNEL,TCP,3478,3765
DB-LSP,UDP,520,51688
WireGuard,UDP,51820,18198
DCP-AF,UDP,5000,37960
R-GOOSE,UDP,102,21600
CLTP,UDP,102,64567
MANOLITO,UDP,5050,64379
HCrt,UDP,5555,17396
DCP-PFT,UDP,520,44886
QUIC,UDP,443,1731
STUN,UDP,3478,34963
CLASSIC-STUN,UDP,3478,50382
DTLSv1.2,TCP,443,60385
TZSP,UDP,3700,64522
NXP 802.15.4 SNIFFER,UDP,17754,60622
PNIO,TCP,34964,15207
ENIP,TCP,44818,9207
TC-NV,TCP,48575,15281
? KNXnet/IP,UDP/TCP,3671,46623
Elasticsearch,TCP,9200,64863
KINK,UDP,88,59706
MPEG TS,UDP,1234,43798
FMTP,UDP,25223,37539
ar_drone,random,random
TPKT,random,random
SMPP,random,random
TZSP,random,random
ICMP,random,random
DCERPC,random,random